Model,Sampling,Accuracy
ModelM,Sampling2,0.898628342401199
ModelN,Sampling5,0.9911856124371361
ModelO,Sampling1,0.9520344649255661
ModelP,Sampling5,0.8519163452015951
ModelQ,Sampling1,0.9577125231534008
