Model,Cosine Similarity,Inference Time,TOPSIS Score,Rank
distilbert-base-nli-stsb-mean-tokens,0.6800148884455363,0.11375800000000001,0.8650882520132088,1
paraphrase-mpnet-base-v2,0.7210084398587545,0.26667833333333335,0.8590084594418538,2
bert-base-nli-mean-tokens,0.7742698192596436,0.330808,0.8384371762047299,3
sentence-transformers/all-MiniLM-L6-v2,0.6515568693478903,0.12114366666666666,0.830225302330446,4
roberta-large-nli-stsb-mean-tokens,0.7598850925763448,1.4252013333333335,0.15210030824444662,5
